Transactions,Blocks,Output_Satoshis,anomaly
164,14303,449033.5845,0
141,15722,393176.491,0
153,16628,392406.172,0
155,15206,363660.1583,0
140,15820,410308.256,0
150,16119,345430.7786,0
139,14126,275751.5701,0
175,17118,436695.3789,0
157,15674,442201.4171,0
128,15501,377649.7613,0
150,16244,403258.4784,0
145,15611,364501.0972,0
164,14632,307330.2574,0
136,12817,276740.4402,0
170,15019,289067.1572,0
139,16559,384665.6377,0
148,18292,422796.0505,0
138,15313,421377.3322,0
141,14760,360852.3027,0
145,14708,254713.2648,0
167,15363,351192.8499,0
172,14990,333595.6782,0
150,16176,345237.7077,0
141,15972,435407.6148,0
159,17550,376869.1726,0
158,17461,385849.423,0
157,16531,366071.348,0
142,16050,346103.094,0
146,14087,324839.7678,0
137,15930,321202.6706,0
145,17238,309649.2248,0
145,17577,276583.0172,0
138,18681,323286.8601,0
150,17373,458101.2121,0
158,17621,326236.931,0
137,19323,428908.0905,0
138,21928,1352875.865,0
134,21520,1344784.086,0
138,21873,1606238.081,0
152,15005,980044.443,0
171,16460,705524.7506,0
158,15405,396081.7027,0
140,15254,436470.0407,0
129,15026,394178.9914,0
159,17360,787405.7135,0
166,19504,692032.4885,0
149,17535,582589.0271,0
165,16300,422153.7952,0
150,14540,347126.3854,0
154,16440,377087.2734,0
160,17231,378837.633,0
179,17312,338421.948,0
151,16032,665437.8012,0
134,18989,566902.2281,0
113,13287,386748.7411,0
137,17653,685564.112,0
145,18469,381113.997,0
137,16349,362054.0944,0
154,17234,381751.5994,0
156,17707,528367.6359,0
168,17520,598061.396,0
165,14063,392855.665,0
134,13866,431371.2054,0
166,16988,606233.9746,0
160,18245,534531.9264,0
137,17154,611616.6004,0
121,15556,492864.2161,0
153,17476,508432.0258,0
170,17327,468179.5611,0
160,15149,379449.6437,0
143,15715,458988.892,0
160,16057,502954.4242,0
158,17732,515344.0297,0
158,17088,761881.519,0
126,14964,899181.8359,0
184,16145,821417.768,0
157,15160,423949.8653,0
151,16254,535238.1318,0
156,17094,575018.415,0
150,18381,691100.7649,0
141,18051,1205888.066,0
154,17656,988434.3593,0
170,15545,883701.6333,0
142,14641,623404.5748,0
116,15111,703032.1475,0
133,17522,824059.658,0
137,17041,767659.1452,0
117,16255,943391.5058,0
136,15828,591961.5428,0
129,15082,347464.7823,0
150,15412,1263160.479,0
146,16039,1642155.445,0
147,20449,830066.565,0
141,18813,1518655.987,0
127,19398,1285753.94,0
123,17653,837527.9067,0
139,19534,997458.4373,0
107,17304,1278078.632,0
150,21042,1619772.032,0
135,18744,1139507.176,0
130,20303,1039840.075,0
157,18577,694079.6734,0
154,19632,2864389.57,0
154,17096,1227983.957,0
140,15540,954638.2594,0
135,17381,784560.5998,0
138,18844,749693.4413,0
127,18707,1018495.213,0
155,23511,1857826.468,0
135,17689,1467996.927,0
152,18412,889247.3966,0
179,18840,989035.5879,0
179,22508,1104689.061,0
170,24968,1090850.284,0
150,23224,1083940.565,0
157,32186,1216898.066,0
161,32470,1126674.244,0
167,30118,1204600.832,0
164,26675,658919.7296,0
170,40972,2193131.724,0
176,40031,3898869.82,0
166,38562,2356469.564,0
129,26195,1200673.555,0
143,41602,1539746.739,0
128,39554,3202564.879,0
140,33061,1509618.599,0
139,60905,2306925.084,0
130,48447,3742452.936,0
121,40122,3437743.036,0
116,38832,3456116.181,0
145,53046,1876206.406,0
149,75313,1232620.027,0
138,67456,2019018.753,0
126,68417,3818667.697,0
115,51377,4062364.558,0
130,60318,1806509.401,0
125,58459,1128648.658,0
121,62514,2438067.357,0
142,50884,4831935.953,0
159,56859,2022237.628,0
142,64725,2137076.191,0
126,64412,3168985.413,0
131,56634,2390970.271,0
138,47871,4791320.629,0
152,60350,2969598.765,0
160,30391,1991194.05,0
153,72633,1731492.364,0
155,97178,4645313.15,0
147,94316,4534755.435,0
153,36468,2509554.331,0
139,70830,4841143.674,0
141,53754,5462839.526,0
171,71784,1394282.355,0
166,87215,3292536.178,0
140,71219,3044013.954,0
156,45874,2589635.925,0
150,123815,2431812.849,0
156,138068,4838045.593,0
159,120938,3468722.514,0
156,95124,3900349.196,0
164,99861,1415383.942,0
175,87377,2517870.835,0
147,82133,2119402.774,0
145,78498,1715715.337,0
136,63779,1046386.108,0
138,55611,2275711.504,0
164,53976,3023872.819,0
131,50967,1899076.407,0
154,65196,1818923.143,0
149,69480,1725291.611,0
163,71255,1988365.309,0
137,60199,3474911.565,0
146,51397,2525130.747,0
132,50724,1395567.693,0
142,43286,1346647.646,0
152,55978,1191336.146,0
160,51477,1440331.342,0
150,54243,2279526.87,0
144,50527,2016864.679,0
155,54122,1381458.229,0
166,55591,4127597.199,0
153,46744,826735.0948,0
163,56730,2132703.22,0
150,77306,2170880.381,0
134,70321,1155039.089,0
150,53485,1393225.539,0
163,57331,2479292.883,0
161,50978,2473988.399,0
140,58360,1363199.768,0
150,71150,2110624.769,0
172,77240,2532795.225,0
155,71862,1599655.318,0
135,70836,1228132.221,0
148,84755,1647322.176,0
141,77123,2380759.939,0
155,75077,1716136.989,0
141,70843,2170034.042,0
161,63346,1750237.938,0
160,62495,1024844.926,0
169,68524,2318516.042,0
178,60503,2180746.832,0
153,78512,1742182.227,0
166,75186,1109812.681,0
176,74255,979401.9657,0
130,88632,2974358.704,0
134,66873,2272795.164,0
165,72222,1792453.022,0
162,60905,1431240.183,0
156,64536,1413394.372,0
139,71168,1975735.428,0
140,76109,1995321.801,0
164,65121,1962914.296,0
166,87041,1663888.8,0
170,65667,1453200.807,0
156,63413,1680986.286,0
168,71524,1575641.261,0
159,78633,1616952.229,0
160,113606,1881743.975,0
157,78152,1518953.173,0
167,121504,1789685.956,0
154,97598,2075711.645,0
138,85167,2780903.167,0
151,77441,2154735.39,0
182,78825,5931168.237,0
174,78060,9594904.589,0
173,92660,5481598.728,0
156,81360,7756104.557,0
165,70630,7638815.716,0
148,70314,11064106.02,0
138,71525,4400537.453,0
179,64505,3331598.206,0
145,71241,6317082.625,0
151,69389,6796522.213,0
168,74111,14702323.79,0
154,71876,11585110.83,0
140,87364,8982904.492,0
161,88545,8746895.338,0
164,75567,5968122.588,0
157,82490,3714021.956,0
153,89149,6484795.367,0
180,89376,9277781.792,0
171,92425,21877517.27,0
168,73078,18411825.08,0
145,69585,7584282.223,0
159,69666,3899432.335,0
150,75215,18885869.63,0
145,87458,20228603.98,0
155,67025,10847443.67,0
130,68249,22554539.96,0
162,85325,18031417.3,0
144,62772,6923687.503,0
161,68266,14008370.58,0
168,57716,13061001.17,0
167,76016,12984463.33,0
141,75078,31325866.37,0
152,72273,15908406.79,0
169,70983,25902484.29,0
157,54619,14874052.14,0
158,69162,7816618.258,0
153,68250,8117048.827,0
139,58168,1777419.047,0
140,75726,1737748.155,0
161,69386,1379102.897,0
158,81061,2598231.543,0
168,60944,1302616.358,0
159,56308,1440029.627,0
131,75684,1625076.237,0
146,74601,2006735.601,0
133,64266,1259635.635,0
131,76197,1195762.551,0
136,86472,2635513.828,0
155,79258,1977786.457,0
125,88713,1787096.366,0
178,95694,1776535.428,0
142,88365,1364213.98,0
149,78887,879149.4437,0
138,69684,1246301.999,0
149,77326,2612813.636,0
148,83626,2711467.039,0
127,73362,1386647.67,0
169,79361,864684.7227,0
155,88722,2748990.451,0
142,84711,3334767.158,0
157,76660,3397926.993,0
135,65355,2692841.969,0
158,79258,2695742.258,0
161,100977,2354724.07,0
157,102007,2267653.183,0
130,81702,2607540.366,0
162,85107,1904593.641,0
143,67158,1462862.327,0
165,58497,1038024.254,0
175,45075,1686595.095,0
166,48080,941882.0401,0
158,56761,1015491.502,0
143,75375,4170129.204,0
144,68479,3787017.538,0
137,59404,2615517.503,0
143,71622,878438.8583,0
146,61256,1912720.781,0
157,59134,2247532.79,0
160,79895,2302743.589,0
135,78033,1895933.058,0
157,86420,1854321.088,0
154,80990,1329985.176,0
152,66194,871909.512,0
144,66017,438620.1766,0
147,59564,423492.02,0
132,59457,485575.0448,0
140,63963,854362.5147,0
143,71809,1299843.877,0
136,88300,2661089.93,0
145,91688,3704500.187,0
140,117881,2648679.67,0
146,82378,2064001.39,0
146,86890,1391564.739,0
147,87944,1572790.856,0
152,92979,926696.9899,0
144,77103,1442437.425,0
163,82953,1140048.664,0
151,73395,1179016.922,0
146,87482,810454.8827,0
157,85996,1134762.018,0
148,68144,1431090.114,0
172,90213,1891268.837,0
166,87851,1210830.357,0
125,72601,789652.1925,0
167,79316,628526.6533,0
143,52959,1012070.134,0
147,53616,1732242.633,0
112,76341,2489158.497,0
122,79012,2821654.366,0
137,89391,3259297.247,0
129,71997,2083190.927,0
138,76697,1008269.918,0
126,72935,1406703.823,0
143,92834,1037451.354,0
144,95295,1614011.872,0
130,86624,3564199.866,0
131,95183,3839017.049,0
106,90953,2928410.727,0
116,75230,1657365.639,0
111,85549,1782516.039,0
134,96811,1800835.938,0
125,125859,2372973.196,0
142,99930,1137275.067,0
106,81434,935760.4312,0
126,95865,1664907.966,0
153,114963,1402903.979,0
122,86707,869430.5681,0
132,85108,1065971.688,0
124,69602,604804.0304,0
154,86156,632401.3973,0
156,103079,814543.8785,0
169,112389,1076612.312,0
144,93261,994091.686,0
166,105795,764608.9394,0
158,74607,1369985.742,0
162,78996,1491978.946,0
153,95666,1947296.243,0
162,95841,1742042.555,0
153,111607,2328536.904,0
141,93262,2100349.698,0
145,81489,1101232.44,0
168,95629,1492637.939,0
133,90430,2147948.019,0
130,98575,1720210.148,0
147,121138,1335111.591,0
117,117964,1332342.543,0
122,104393,980520.6655,0
133,109688,886111.6136,0
157,101155,1119697.552,0
121,106031,2092810.835,0
131,120231,2235038.364,0
111,110022,1828926.938,0
121,112631,1655101.042,0
154,125541,1542714.33,0
130,94910,1199630.763,0
132,91873,1152751.458,0
144,100734,1463697.92,0
126,111461,2413364.583,0
156,107510,1616949.958,0
137,111705,1564347.828,0
156,119777,1344171.746,0
151,126597,1471814.589,0
147,127512,1690349.016,0
158,122716,2426699.949,0
153,97156,2692071.856,0
193,120224,1589397.754,0
147,136102,1813676.667,0
153,121775,1354020.583,0
186,139521,1389161.48,0
164,126713,2012536.759,0
167,122146,2006309.533,0
146,99446,1860603.343,0
154,137817,1728717.485,0
151,136224,2189719.727,0
143,130359,1816284.604,0
161,127167,1370569.589,0
159,131583,1328240.583,0
139,131729,1273851.458,0
171,134620,1221054.836,0
151,114829,1502365.262,0
179,126934,1285435.34,0
189,122683,1268206.336,0
188,121106,1145511.757,0
161,119598,1236821.97,0
159,127053,1456405.96,0
193,139946,1200831.678,0
176,127322,1050131.202,0
170,144169,1578721.332,0
164,133221,1283683.587,0
156,128666,1707485.583,0
204,153264,1869807.172,0
166,146211,1633163.913,0
193,143148,1537173.62,0
168,147950,1485857.841,0
152,151654,1647857.637,0
145,129340,1496205.839,0
161,128312,934113.4728,0
179,147372,979042.0445,0
139,130099,1938816.935,0
155,143563,2323920.566,0
160,152474,1659536.989,0
160,129132,1209131.415,0
169,127533,1024157.179,0
183,174487,1241733.734,0
164,141983,1007494.524,0
135,121796,1491939.383,0
157,137446,1505965.843,0
179,145612,1188984.013,0
172,163105,5346419.926,0
175,103294,2307843.528,0
209,91063,901237.4786,0
190,106946,3770851.664,0
170,112478,1944707.418,0
211,115972,1888210.075,0
218,138961,2041885.323,0
229,152617,1520085.09,0
217,137255,1438447.33,0
189,132249,995637.7477,0
144,126028,1544997.611,0
151,134613,1848864.387,0
131,133985,2738105.106,0
183,158219,1826700.758,0
174,160125,1460447.794,0
173,145873,1823180.658,0
169,120977,1540937.818,0
198,149296,1449066.351,0
181,174895,2588519.047,0
175,181374,2371324.932,0
154,186163,2292667.711,0
158,165155,2062457.642,0
163,146818,1333262.487,0
164,175995,1089589.664,0
155,181864,1528795.794,0
176,169453,2079535.47,0
191,169321,2880396.26,0
160,184962,2399992.466,0
173,159407,1774103,0
167,142291,1306301.945,0
153,153671,825566.1826,0
164,171602,1049837.794,0
177,182216,1769743,0
171,175376,1723555.436,0
147,122943,5846871.991,0
137,172867,1873867.481,0
154,139990,1097718.372,0
176,130316,983216.8254,0
153,153175,1649760.891,0
168,169007,1580194.389,0
162,189039,2164362.812,0
172,175841,1637341.369,0
171,160999,1179467.682,0
147,135165,808262.6565,0
177,173840,579461.8822,0
174,166534,1889559.779,0
149,146931,1003343.628,0
151,151991,1350721.891,0
134,157671,907309.085,0
137,144723,809308.004,0
159,171517,504688.3552,0
165,153342,638182.8299,0
166,168310,858406.0152,0
168,190787,973835.119,0
165,181575,832093.7627,0
164,180398,695397.0385,0
172,205059,915183.6766,0
182,196327,675124.7525,0
168,182638,562565.7028,0
174,181564,1122091.966,0
154,183055,784332.1776,0
141,180323,752790.9071,0
148,194616,723462.4396,0
161,152342,853440.7499,0
149,134039,748211.0092,0
156,128588,423542.7313,0
129,152013,540663.9554,0
151,154445,674482.9495,0
156,143925,738074.8591,0
174,155659,712349.955,0
169,149150,759741.6814,0
165,131655,735659.2725,0
163,122586,388698.0303,0
176,148213,666608.3738,0
158,144531,705680.5313,0
168,144182,793664.2946,0
179,149719,629587.8097,0
175,137220,678617.7783,0
213,138794,485579.4044,0
199,130766,431875.3386,0
213,142959,780446.2365,0
213,144826,661631.301,0
184,156341,681339.3644,0
181,134707,753930.8786,0
161,127092,678143.2676,0
181,117031,399038.3557,0
159,108736,675161.0303,0
174,109778,490545.1299,0
180,124589,598337.2909,0
203,116494,562038.78,0
186,108891,607556.9546,0
180,120041,722485.1902,0
173,84826,415381.8108,0
185,99649,520682.4419,0
145,108704,578844.9641,0
140,105594,643222.1557,0
136,114033,582605.7976,0
154,120423,728607.9748,0
168,110297,712791.5282,0
176,107143,435026.7321,0
165,90080,340381.4544,0
150,105503,610053.0423,0
157,102696,717288.4712,0
174,111174,627165.9003,0
167,108768,564885.2214,0
169,116153,659916.0797,0
169,102604,532545.4665,0
153,77094,414309.7617,0
157,94321,868945.4266,0
153,93491,735821.5744,0
184,87911,817460.9062,0
165,84663,854939.2747,0
186,89605,1074563.291,0
187,79314,700586.2395,0
186,77434,643880.627,0
192,93722,837670.9308,0
185,97970,1160903.931,0
195,106626,1085169.05,0
174,111915,1058476.987,0
154,127694,1021508.47,0
157,94632,877018.0243,0
172,89571,582276.5472,0
164,91697,702810.6261,0
164,96775,951379.7685,0
184,96655,1080936.138,0
161,97226,1005895.895,0
171,89195,819430.5514,0
186,85517,495922.447,0
199,86178,496772.6106,0
165,93439,903335.2894,0
141,94148,1012489.367,0
159,104949,907645.6402,0
146,100704,811961.7466,0
164,89270,788332.0112,0
181,87186,461605.5251,0
168,88531,618903.8238,0
178,100252,747853.1195,0
197,99741,1007108.947,0
190,115151,863767.5597,0
177,150431,1147305.425,0
192,118545,913464.1109,0
170,104519,676761.174,0
179,99687,510656.3113,0
189,119396,851665.9579,0
190,123467,760801.1325,0
186,133558,813434.5173,0
205,131024,725445.1482,0
195,113758,621565.7682,0
210,121316,517054.8433,0
216,89501,429554.2293,0
216,142011,847386.8341,0
183,115800,1301581.439,0
168,115770,1341894.853,0
170,138975,821528.5496,0
168,155254,1073581.796,0
190,126488,1006280.918,0
194,129247,787710.9407,0
177,158919,1115101.02,0
190,144404,972227.213,0
196,136776,1275639.297,0
216,150574,823544.6766,0
196,127150,826429.8585,0
183,120071,567935.8938,0
151,103684,555654.047,0
166,127727,707687.3929,0
169,142057,910293.5517,0
178,148590,784253.7602,0
189,134381,2639151.65,0
205,144389,831648.3349,0
223,129635,878729.174,0
221,111569,823389.1155,0
215,120104,813920.621,0
194,118803,949784.9403,0
163,121498,912174.7134,0
179,136698,887243.6611,0
185,140378,701587.7054,0
145,121246,629569.9295,0
157,107090,398165.8505,0
203,129593,1030766.757,0
191,122891,645379.1505,0
200,116004,831685.544,0
213,126600,703128.1011,0
204,110749,654237.8652,0
218,104349,572122.2833,0
181,127316,403507.5482,0
154,122743,678260.9667,0
179,153242,627615.1854,0
165,140320,806994.2698,0
190,139143,833883.7812,0
200,140942,734309.0159,0
189,126571,452074.3134,0
203,123592,495219.3831,0
210,152860,1001051.601,0
212,147124,949071.8654,0
206,132755,827286.0877,0
162,134690,745552.0808,0
178,114767,690114.8516,0
177,103142,533432.6992,0
170,101786,554128.0153,0
163,115037,826774.0367,0
187,140505,1088077.936,0
191,148072,1187078.864,0
199,143553,927030.8009,0
180,126713,802173.6907,0
219,112553,448746.4071,0
185,103300,419308.2664,0
156,114237,688597.9799,0
161,117466,720282.9121,0
179,122663,904684.561,0
192,137435,753238.3641,0
185,123347,829546.5766,0
214,119054,697904.0551,0
221,137018,712638.693,0
250,141787,920794.5864,0
260,133591,924504.8133,0
210,129273,1022744.337,0
167,115779,847370.7277,0
192,138497,937574.9651,0
223,139711,1007342.932,0
199,126030,722759.7607,0
211,150083,1059197.274,0
245,166249,1207623.105,0
221,146293,1090723.874,0
215,159302,1029103.303,0
235,145819,2817468.477,0
182,118978,686765.4694,0
179,109323,509803.6489,0
175,123988,645713.4671,0
160,122840,1686428.347,0
195,128273,717093.1601,0
211,150881,685268.253,0
208,117133,636845.8532,0
202,103851,649240.3649,0
192,101254,593816.3635,0
195,120094,974062.7146,0
174,136989,1115521.378,0
163,141924,916641.1745,0
144,151033,1211667.364,0
134,149257,1071531.007,0
148,147229,900392.5,0
171,149595,801259.5681,0
187,148457,748279.4896,0
201,156124,1109036.94,0
168,161928,1267483.082,0
183,176971,1155028.594,0
166,158685,2576469.358,0
194,131447,1491006.283,0
186,136318,1158208.923,0
156,197985,2124183.596,0
161,230927,2269134.472,0
164,195262,1690347.12,0
150,182606,2192970.79,0
172,201448,2393219.997,0
170,185569,1533323.423,0
168,156800,1518872.511,0
173,180108,1449270.803,0
159,211903,4028498.095,0
173,231585,3323866.014,0
181,239393,3418563.354,0
173,220122,2602929.477,0
176,194496,1866753.034,0
195,181194,1494457.363,0
159,195691,1424490.905,0
200,200251,1190034.162,0
171,205857,1348811.582,0
170,209808,1550468.126,0
208,194041,1163609.989,0
195,178272,2357745.29,0
195,135696,1219503.569,0
176,181522,1216713.743,0
192,176868,837532.2577,0
165,177329,1113758.034,0
163,155747,915052.3852,0
174,169360,914506.243,0
198,151878,620226.5944,0
177,145881,462646.4294,0
201,200394,2092813.087,0
203,186643,1586643.438,0
199,210013,1996820.806,0
226,187153,1364026.925,0
178,167631,940326.3079,0
161,154780,977633.7192,0
169,146823,920403.1395,0
171,179749,722235.1938,0
169,157841,886524.55,0
162,157533,878219.3138,0
180,149496,620433.4836,0
184,153713,606017.945,0
150,137134,614290.1353,0
168,142678,837535.4318,0
173,181200,814654.6426,0
184,143237,508295.9641,0
205,126484,538983.2921,0
134,153861,709298.4927,0
161,166839,897783.4574,0
141,140143,635106.0756,0
193,160553,934422.9438,0
186,200229,997845.849,0
177,171949,924867.9333,0
193,178553,799048.9549,0
207,163842,597510.9776,0
187,154089,569351.6095,0
210,160323,425028.4018,0
207,146657,421547.0147,0
169,179728,529745.6572,0
162,153584,749007.4999,0
184,169579,605639.3432,0
185,159016,605276.8482,0
152,167279,426181.2177,0
174,139214,357883.1801,0
169,132389,567071.2878,0
195,208019,784430.3026,0
166,193816,622105.8079,0
192,185141,493075.8964,0
177,177189,512798.0315,0
189,179847,747873.4575,0
165,150854,463780.2737,0
152,148573,399122.9784,0
174,200613,907240.1301,0
154,181141,648369.537,0
152,164994,485524.8548,0
176,175024,531188.2026,0
184,177338,409190.8842,0
189,165634,452663.5986,0
186,157863,492688.4158,0
181,197060,482423.6523,0
172,208265,793134.5418,0
168,203498,800217.0139,0
182,210441,664620.6977,0
155,198934,867398.6648,0
182,191722,569456.792,0
138,163716,491172.0022,0
156,198792,802093.1248,0
164,172507,701410.5387,0
178,172168,619251.5189,0
178,196981,646304.3605,0
191,222479,729124.975,0
187,181290,963648.9787,0
195,156984,628651.4744,0
155,201453,505521.0846,0
163,196240,501226.9223,0
200,221129,461038.0478,0
177,218667,563356.8615,0
152,212994,521821.9331,0
180,185688,401810.9719,0
168,194251,415338.3479,0
191,256989,776198.313,0
161,240548,1091107.016,0
184,227926,697463.1569,0
188,221110,578796.5016,0
181,207522,593174.3946,0
144,203479,824438.3758,0
140,185198,555305.9434,0
148,275669,1068743.367,0
149,272021,1026802.034,0
156,229409,688295.9949,0
173,228184,629317.3273,0
166,220926,2470773.459,0
168,199405,1585837.166,0
179,207368,947172.404,0
149,238452,1521682.947,0
168,226425,988209.0464,0
182,230676,1058791.468,0
162,227736,767859.0098,0
133,193216,628708.136,0
165,167088,585263.3653,0
171,167380,389239.4382,0
161,209277,555550.2054,0
146,146773,2645634.241,0
160,197577,1107106.062,0
177,199417,684384.7819,0
186,214166,603562.3777,0
170,193262,420925.0432,0
214,181968,337434.3697,0
188,237775,675804.2103,0
157,206907,548070.4505,0
159,207076,521418.6761,0
173,214499,792964.8434,0
174,210541,827702.7215,0
175,178362,401860.0241,0
140,209870,601591.0738,0
180,199380,750539.6659,0
171,203308,687092.9129,0
197,206956,755860.8975,0
204,177115,789006.9323,0
195,206928,670524.7814,0
171,178344,731651.0799,0
151,212204,443646.5486,0
151,197692,467993.2299,0
134,204145,460051.0422,0
161,207249,606629.8773,0
155,208849,832228.2936,0
169,199899,785031.3897,0
161,146658,405025.8453,0
187,203419,415396.6019,0
193,213443,618413.598,0
182,215599,669588.7426,0
159,210738,808972.6865,0
169,196351,814063.298,0
160,178850,781666.5723,0
159,161652,460095.5667,0
178,198712,419106.1734,0
171,174653,726993.2594,0
154,242759,886317.3472,0
165,214057,680231.1471,0
151,218028,442259.6661,0
182,224867,557906.3855,0
163,155167,338826.0316,0
177,206760,304654.6993,0
152,202643,582844.6363,0
171,202127,563354.9117,0
137,193179,488615.8057,0
176,187433,449043.5557,0
161,185918,658715.6019,0
142,155202,557392.9599,0
151,204636,428868.453,0
125,200897,633594.6816,0
194,224144,687403.1881,0
159,208586,840071.9569,0
167,201923,1349234.532,0
170,197638,1255094.392,0
179,168595,680089.586,0
152,222897,450023.2819,0
164,210802,553883.0327,0
162,200082,678338.7949,0
150,208062,729099.5184,0
171,221217,826657.6164,0
181,193788,651741.4252,0
173,161377,486627.9249,0
172,202663,273970.0391,0
168,195047,529418.7862,0
177,226140,1500132.136,0
175,205246,724297.9236,0
172,211790,773918.6402,0
165,213055,1247509.853,0
154,155791,915433.5492,0
161,216166,841110.0237,0
158,199531,760758.6263,0
136,203852,951817.2494,0
169,213511,869282.3392,0
141,199386,659714.0451,0
167,189753,929717.7561,0
147,163731,588130.1599,0
175,215344,742697.8349,0
193,197679,952286.473,0
178,213202,906999.0659,0
181,199372,1034394.494,0
152,206870,950750.3913,0
139,194912,1049433.722,0
155,158544,606545.1849,0
136,198457,772391.1623,0
156,187694,389374.168,0
167,203121,595395.8375,0
146,192758,533894.9103,0
172,202643,1111447.581,0
163,200965,746631.5273,0
178,173965,460635.3133,0
190,221635,447016.4093,0
188,210423,741260.5615,0
184,222335,483436.5514,0
158,197866,549689.6139,0
167,194640,723576.4639,0
186,181765,563146.4864,0
186,172269,461927.0467,0
180,213009,528044.1749,0
176,193983,623384.0952,0
188,199175,882381.495,0
187,204444,503311.0501,0
171,191104,513326.251,0
197,196694,487614.046,0
182,170152,339025.5712,0
157,214015,352851.5629,0
132,214243,686283.7475,0
133,214590,891551.8063,0
137,205101,944001.2797,0
139,198364,604883.4645,0
166,179158,389934.9865,0
152,160196,421945.4195,0
142,222540,373704.7216,0
150,210116,470317.6104,0
150,234446,368883.9472,0
166,212429,467382.0693,0
149,197022,517645.0238,0
156,189315,423733.2977,0
157,182105,469369.1335,0
160,226973,482605.8066,0
135,188638,508730.2066,0
159,218854,564831.83,0
144,195384,602509.2365,0
172,204415,468015.2489,0
172,192786,514425.2219,0
177,179749,308098.5166,0
155,227657,283901.8692,0
155,197264,448465.5867,0
142,196088,385105.1769,0
146,199524,414650.4,0
143,203433,536981.6775,0
163,201147,495814.6996,0
134,168146,309235.9587,0
153,224746,261543.5148,0
150,200416,489947.4799,0
149,192235,495080.2015,0
172,203920,420687.4496,0
154,209584,427508.9225,0
157,208421,465864.5607,0
163,168367,389351.1238,0
154,211180,421225.0773,0
128,186797,428826.6255,0
135,227423,618996.1628,0
164,248227,465456.2037,0
160,207962,433895.6363,0
158,202402,338839.118,0
182,184739,362484.4346,0
177,239260,363132.0734,0
182,235703,559067.8898,0
174,237409,737827.3734,0
145,227146,708436.2301,0
180,230769,747261.4703,0
165,213186,771484.0225,0
158,198142,673986.8054,0
170,248443,502236.3566,0
198,222980,1016626.951,0
186,219985,631401.0907,0
169,217567,564014.5462,0
165,225979,769920.7783,0
157,204518,3174695.278,0
162,169967,704590.96,0
146,246319,415572.7329,0
137,208488,951963.744,0
173,215466,1788493.65,0
169,213754,1439343.097,0
173,223619,733294.4163,0
170,191312,593794.3241,0
182,191434,597963.5577,0
188,223276,515766.1978,0
136,230557,708067.7322,0
147,212488,574265.5103,0
169,201280,502331.3874,0
158,205128,451973.7911,0
145,208264,494053.5259,0
179,188251,316335.5749,0
155,299744,372332.0464,0
144,220567,502091.933,0
146,239736,523185.469,0
157,210391,472432.4856,0
170,196900,449455.9751,0
154,195316,461999.1648,0
181,179205,329720.3028,0
158,307488,370679.1166,0
158,222114,463879.0117,0
171,247362,434785.7579,0
186,227493,477371.0296,0
179,221458,704089.5903,0
171,190782,709207.1747,0
176,189403,754422.1647,0
164,265820,801876.1426,0
168,226209,539538.2129,0
150,238741,788111.1371,0
156,243783,912778.1448,0
172,256255,679083.4225,0
134,216112,564149.0044,0
134,214707,519088.8141,0
130,309798,464556.3749,0
137,213742,704387.9497,0
153,243048,666870.4414,0
155,264989,700946.5241,0
138,213390,599334.6896,0
146,258668,727691.2351,0
154,225285,653572.4996,0
169,317617,928155.201,0
161,227767,1129892.51,0
134,231672,863049.4237,0
144,221570,904441.452,0
148,227780,974536.0041,0
155,236560,985124.6401,0
144,190603,585164.3364,0
148,299252,473902.1303,0
155,243395,777900.5169,0
132,228745,892500.9108,0
151,236218,1203856.935,0
148,211837,1055720.159,0
142,207805,915354.2618,0
164,202642,601562.3427,0
133,296099,454054.118,0
137,232021,830307.6779,0
153,238486,581714.0529,0
159,237928,866640.0391,0
151,227474,1087485.242,0
159,216210,711103.0905,0
155,266702,914765.1895,0
125,246746,873574.2732,0
159,264506,1075298.668,0
138,250316,843974.1009,0
155,257006,799636.488,0
170,261533,714469.8837,0
188,239679,1292623.2,0
159,204095,695834.0322,0
155,349958,551998.1464,0
169,250569,1077667.496,0
162,246801,1137149.361,0
138,245579,958586.3654,0
154,262777,755795.9708,0
150,235833,859523.15,0
153,200454,566350.1301,0
150,334111,536383.1464,0
147,256459,937478.9675,0
129,243906,698875.8992,0
147,274259,1115072.511,0
145,264872,1656517.994,0
154,275084,954336.7036,0
140,210563,811752.5169,0
150,330823,727901.1375,0
144,250180,838436.9866,0
154,255765,983866.146,0
141,247920,940122.1566,0
138,251022,1039330.407,0
127,237094,1319260.313,0
154,220847,790597.1497,0
142,339006,600423.4827,0
147,252224,798399.7886,0
132,241189,970483.0311,0
137,238579,1052627.492,0
141,254892,997888.1184,0
148,247014,1348602.666,0
157,219953,978881.2497,0
160,377530,980576.3634,0
130,271022,1310227.619,0
150,293681,1369541.036,0
116,279434,1221569.88,0
146,275535,1067513.529,0
156,291700,1159419.053,0
137,229172,617000.7526,0
126,323643,819728.7355,0
163,277669,1654310.767,0
142,252887,1153236.962,0
143,254563,1324896.827,0
148,248232,816064.5395,0
141,258639,973005.7948,0
146,210487,703931.5351,0
141,355530,620021.6771,0
141,291277,877938.5372,0
143,311562,991140.0715,0
128,291990,1131649.113,0
129,288238,1149420.704,0
137,288706,888146.5716,0
134,307640,716846.4379,0
132,279480,953544.879,0
164,291480,1012482.576,0
150,285122,1214044.752,0
153,225776,830572.2505,0
158,201597,871329.6532,0
152,228153,711559.3835,0
152,248745,660397.5181,0
169,327500,695793.2128,0
164,225212,800353.9474,0
155,249304,1096888.923,0
152,213315,952547.6689,0
165,163566,468753.5395,0
165,258978,732227.1628,0
162,291213,840791.7429,0
172,281033,1134011.441,0
156,290881,1138485.291,0
158,247755,1167816.877,0
140,241714,1244955.47,0
147,299907,1444881.242,0
140,312006,1260617.841,0
147,369200,968388.5605,0
155,301945,1238899.633,0
142,275279,1033013.598,0
127,297166,1777456.867,0
145,307313,2405987.366,0
151,339607,2577910.753,0
139,303684,1954797.048,0
138,358317,1129745.74,0
153,289498,975319.0226,0
144,304450,1010771.694,0
118,278983,1415745.681,0
149,274064,1429334.28,0
135,260779,1210357.461,0
124,255473,1031664.176,0
126,244954,1198004.7,0
125,400375,939292.2823,0
127,308401,2117894.105,0
149,286444,1168996.658,0
164,215448,931086.7845,0
164,251124,984245.5476,0
138,236325,892273.3536,0
166,333503,784700.3112,0
155,277511,756613.0128,0
159,248482,994219.9033,0
127,265167,1303829.042,0
159,265408,1216663.51,0
159,236038,1249085.903,0
177,273027,942154.7112,0
159,232490,630706.709,0
132,389909,642136.12,0
161,293981,871703.0798,0
144,295234,837890.4053,0
158,287964,875765.9813,0
119,317277,740915.4394,0
146,514192,1038641.097,0
160,340220,705935.3001,0
140,436318,736443.2802,0
157,362343,735152.0297,0
149,414954,802288.6361,0
167,305642,860241.9696,0
166,270936,711660.2269,0
158,286824,793592.5813,0
142,331621,616374.9694,0
151,318876,474504.9653,0
142,310695,832204.4271,0
129,284451,733761.653,0
159,288167,830420.6323,0
150,277521,1154679.246,0
152,283911,1508199.836,0
142,344138,628807.6266,0
140,322307,1271223.761,0
158,317151,1918811.469,0
158,307692,1119273.268,0
140,284041,900939.9948,0
132,292651,1092698.316,0
148,266613,827288.9005,0
140,313788,1141946.234,0
156,319007,2274954.467,0
144,320007,1127088.021,0
152,284875,1129610.618,0
154,278584,889926.8051,0
131,262380,1062851.207,0
146,282264,939969.1621,0
131,314108,803088.6926,0
143,319117,580275.5129,0
139,316568,942371.1835,0
128,278774,791384.668,0
153,282079,1527886.934,0
137,298046,1099027.916,0
136,300406,828924.7198,0
151,312902,648767.1488,0
142,329569,494624.0947,0
145,328577,895888.5869,0
173,256874,962933.2127,0
162,266308,1074177.826,0
148,284260,990488.3161,0
171,281933,1009654.614,0
148,286551,636684.2846,0
153,336903,560267.5255,0
142,307942,864869.1159,0
150,329693,853286.6647,0
132,324759,1081312.209,0
166,316199,787470.6151,0
146,289987,741739.1986,0
153,314015,466174.8901,0
148,338509,456585.2212,0
126,308522,744633.7591,0
152,306685,798411.0204,0
125,306986,921436.6376,0
133,306951,889290.2705,0
152,317192,1018464.98,0
140,341042,629073.6507,0
128,301449,482927.6735,0
156,331480,932492.3319,0
149,311058,993521.1026,0
122,281376,817384.2247,0
138,271416,1142185.798,0
126,290438,1155280.224,0
146,329161,778624.8933,0
145,325086,1011395.913,0
154,326866,1313191.509,0
153,293047,1267835.01,0
152,317931,1313270.987,0
130,317225,1142239.424,0
124,300650,1254488.658,0
163,337931,942009.3881,0
144,333300,1104967.223,0
137,314388,1339966.492,0
153,305122,1314843.551,0
127,324494,1283313.521,0
134,300183,1202935.442,0
148,272525,1222705.279,0
147,348747,841138.9669,0
141,302114,814678.1022,0
128,297681,1249214.42,0
154,315360,1209226.6,0
161,321011,1183663.597,0
141,316721,1305959.252,0
150,369932,1094583.254,0
129,274293,891165.68,0
129,320844,964880.0029,0
158,327595,1185811.587,0
150,316841,1053433.908,0
162,310033,1116788.212,0
154,281076,1045569.81,0
147,301528,946033.6857,0
132,330556,766837.9326,0
171,308744,624927.3168,0
144,297963,943037.2218,0
130,300803,1197521.893,0
145,309624,1097789.817,0
155,289154,951824.0655,0
138,311440,1306168.098,0
112,279814,952580.4924,0
146,385081,726332.156,0
141,334519,944628.1899,0
144,326670,1012801.84,0
138,300728,1155364.881,0
132,308052,1013080.77,0
154,359794,1083044.471,0
136,411795,910677.7551,0
148,347626,939481.6342,0
132,368599,1511638.926,0
150,360338,1427614.349,0
142,359537,1371892.788,0
141,328440,1241860.249,0
138,317752,1447942.092,0
178,336214,1067922.86,0
149,309884,985928.1828,0
157,303464,1129649.879,0
151,327856,1280040.336,0
169,399595,1315885.147,0
135,329210,1270934.584,0
142,370986,1366574.232,0
159,349993,1059041.014,0
148,355190,1314421.188,0
144,406580,1488281.478,0
118,386884,1882331.978,0
158,466957,1896661.993,0
156,510294,1470729.017,0
147,444276,1862738.655,0
134,336719,1106879.277,0
124,352492,982028.3726,0
153,502274,1116461.808,0
140,374720,1159177.864,0
156,319841,1151794.271,0
152,284544,954825.2733,0
154,350523,1523303.491,0
129,378449,1268853.974,0
141,341934,825968.9503,0
140,349684,1334497.097,0
145,759518,1670248.6,0
135,376398,1307377.465,0
154,382234,1346675.491,0
161,364477,1256857.348,0
152,344989,931803.5125,0
142,371903,1148118.743,0
181,743595,1515223.326,0
134,891844,1252017.954,0
161,1504764,1278701.823,0
133,822374,1327555.348,0
154,872550,1846251.528,0
148,1444893,1282132.212,0
135,1138206,1265050.143,0
148,808290,1377993.237,0
144,325751,1301094.159,0
153,324695,1278826.696,0
134,310840,1411380.258,0
147,304845,1196198.22,0
149,353277,912672.7823,0
152,387963,741667.3192,0
156,341816,1021035.401,0
127,355435,1072092.571,0
154,349498,1066781.87,0
140,291706,1147723.095,0
169,309756,1237475.72,0
154,285852,775155.0696,0
144,448414,605701.1592,0
149,545164,1023387.285,0
136,475750,1225712.8,0
152,1535909,1124862.871,0
134,1203632,1045771.381,0
151,1621968,1036533.208,0
155,1685670,795128.0458,0
151,535021,652971.4523,0
157,437649,1039238.01,0
136,1305324,1190335.552,0
133,1376332,1251881.952,0
143,1501226,1164782.1,0
137,552295,1135247.966,0
161,326336,1260644.042,0
142,315183,1243911.32,0
167,346650,1252737.054,0
162,317853,1189959.004,0
126,332487,1367337.176,0
147,327870,1476997.212,0
142,318110,1396733.761,0
137,310933,1051601.128,0
138,322581,1102992.145,0
147,325385,1534698.414,0
141,343321,1838006.14,0
156,331696,1672000.194,0
150,323835,1614044.41,0
165,328887,1443062.661,0
158,356063,1298520.289,0
134,335200,1054276.888,0
155,356433,2044762.559,0
135,345314,2090682.397,0
161,335652,1602665.082,0
137,334089,1521364.302,0
155,346730,1696745.71,0
160,344630,970603.2077,0
150,345570,796372.9679,0
157,365587,1289203.026,0
154,364279,1450189.359,0
160,2035035,1420760.404,0
146,471866,1244428.457,0
156,300886,1126207.636,0
147,401639,927671.4473,0
144,352129,974590.2221,0
152,377514,1037449.438,0
136,369270,1405755.725,0
149,350231,1322667.49,0
171,333310,1388529.813,0
158,450358,1229166.287,0
135,361565,792194.7014,0
151,442119,857284.687,0
152,396909,1274802.365,0
160,403102,1328808.247,0
142,379713,1447703.351,0
144,499988,1313550.111,0
147,406400,1294189.438,0
125,308448,1103841.71,0
128,437493,921339.9312,0
132,398650,1626346.885,0
157,420927,1509301.549,0
158,356808,1275111.387,0
140,343646,1218839.384,0
164,351663,1377613.436,0
147,349373,1031722.863,0
149,365006,762307.9736,0
143,365718,1498942.326,0
174,387826,1708232.253,0
148,389145,1427955.317,0
149,357285,1594273.517,0
138,376114,1736936.173,0
145,300092,1014633.646,0
153,389225,875921.7015,0
153,334952,1376046.461,0
142,370623,1746893.786,0
133,354353,1467287.931,0
140,365684,2024493.039,0
126,290543,1285576.088,0
160,381515,1202360.838,0
146,333467,984354.2715,0
142,339391,1420597.101,0
137,339328,1686833.094,0
152,353913,1712379.268,0
166,429043,1988422.698,0
144,392290,1850429.227,0
136,429136,1528651.216,0
145,382222,1078549.972,0
165,388766,1486021.039,0
128,423367,1571077.208,0
144,410974,1415030.642,0
148,403929,1578891.061,0
149,399107,1457532.568,0
145,442125,1366695.171,0
155,409240,1420121.219,0
164,342001,1557555.623,0
147,405468,1841851.101,0
139,405231,2018300.807,0
151,423102,2350028.927,0
171,446980,2570362.496,0
147,449376,1859735.456,0
153,461336,1728973.135,0
153,455185,2577333.997,0
155,510512,3664257.982,0
155,555995,11057976.93,0
146,505951,3729387.69,0
145,510990,2801172.948,0
152,415585,2270257.386,0
139,425376,1951961.571,0
149,466013,3077511.095,0
146,439561,2949523.744,0
168,429240,3406609.13,0
161,445833,3009330.159,0
160,422708,2859815.653,0
142,459872,3101801.957,0
160,470163,2174095.971,0
173,433925,2677886.976,0
149,431888,1941829.002,0
153,479268,1818395.251,0
136,411612,2044159.951,0
167,425193,2234969.792,0
174,439128,1486007.496,0
172,436210,1143630.172,0
163,389456,1346455.366,0
156,441271,1443783.471,0
148,410393,1886760.528,0
176,439440,2121111.666,0
133,422346,2178876.039,0
154,507705,1963586.131,0
149,335336,1385292.605,0
162,576429,2456831.957,0
167,480291,2486562.891,0
161,507333,2752052.293,0
142,408365,2082292.177,0
153,471788,2679265.338,0
175,544145,4911502.152,0
159,526680,5488139.032,0
147,501342,3198317.656,0
175,550518,3008976.095,0
168,574959,3947929.92,0
216,579374,3245902.978,0
160,532563,3776131.78,0
162,592377,3362852.452,0
142,573185,5207976.689,0
195,593016,4849779.812,0
183,608051,4358464.701,0
163,564032,4431091.6,0
155,547197,4178403.356,0
169,544605,4061563.689,0
157,612366,3879031.2,0
165,578907,3945090.584,0
149,599932,5318227.109,0
150,581895,4795572.96,0
157,552232,4488757.243,0
138,546490,4684927.76,0
162,477830,3913272.876,0
171,530421,2699655.458,0
205,496113,1447421.017,0
151,477365,2152309.076,0
159,480725,2157841.571,0
165,487830,2293384.819,0
142,395512,1162597.626,0
135,361519,957481.3386,0
145,455120,1037919.807,0
145,478708,898547.9591,0
181,492865,1067068.386,0
157,506371,1392599.198,0
141,440544,1337496.909,0
147,535250,1606573.864,0
173,490006,1195551.73,0
151,551926,849532.1543,0
175,514568,1160859.932,0
170,530110,1824150.772,0
170,558341,1280395.967,0
148,487359,1409539.891,0
133,494585,1228523.945,0
122,480131,1728312.77,0
142,547754,1473914.859,0
151,655229,10358180.69,0
173,561828,9462153.274,0
133,489778,8804629.111,0
152,598930,3967101.066,0
137,595260,5266985.975,0
176,570236,7717679.823,0
179,567220,29768145.47,0
171,586891,67354303.37,0
162,599226,17367466.23,0
160,619748,10394314.61,0
155,596276,13896094.58,0
146,590159,6084369.445,0
169,564169,7175478.217,0
187,583601,3422463.244,0
181,559202,1704471.939,0
161,562971,5353569.418,0
180,669182,3818602.545,0
179,506855,1577346.148,0
168,551018,2485172.491,0
188,617936,3487723.179,0
200,658304,3137891.802,0
176,730464,3041718.269,0
148,615301,2629156.678,0
176,615785,2225832.235,0
164,610309,2646048.092,0
192,597246,2657689.201,0
171,552767,2665208.641,0
156,523948,2598268.289,0
166,590251,2778938.771,0
152,600418,3880471.863,0
138,556143,3966772.182,0
155,634120,3984892.838,0
169,577287,3852448.449,0
145,566758,4782154.687,0
150,603179,4131729.578,0
128,630856,4198945.524,0
127,648611,4461640.106,0
136,632369,3962773.453,0
118,547482,3669393.31,0
155,595882,3095841.03,0
140,544294,3286075.112,0
147,532336,2530526.52,0
134,590980,8486292.939,0
133,676893,9924706.546,0
141,702171,11003614.98,0
157,673159,5716209.127,0
135,658300,3528608.928,0
155,547949,7461412.161,0
150,614034,19515216.28,0
148,498931,2011705.877,0
133,473488,2900051.674,0
154,552148,2311084.874,0
168,498399,2065424.291,0
155,517899,2439731.629,0
160,506344,2364181.047,0
144,435355,1829899.063,0
133,480874,1621259.994,0
152,525595,2416469.225,0
161,525272,3177959.038,0
152,521190,13343936.38,0
141,556153,7984729.776,0
136,526348,5239445.108,0
136,509261,2190183.073,0
146,540821,1773449.036,0
139,537259,2041577.706,0
148,575942,2235032.31,0
149,505060,2066836.888,0
147,491842,2286669.23,0
146,466604,2113238.619,0
153,465715,1505132.491,0
141,471223,1737057.957,0
170,527607,2086417.656,0
157,549043,2116335.573,0
147,511858,2032137.572,0
124,507715,2188915.911,0
153,571871,2181489.106,0
139,503634,1758765.063,0
142,526343,1561627.973,0
166,579428,2132110.885,0
155,554954,2257744.577,0
157,590577,2397382.263,0
139,561170,2739799.395,0
144,560739,2728055.143,0
162,529829,2249002.686,0
173,545404,2005055.242,0
153,601218,2571238.481,0
148,638781,3495580.001,0
164,580638,3218812.195,0
164,603612,2964839.213,0
139,554934,3822217.796,0
138,485755,3051672.788,0
158,566973,2619262.394,0
134,587000,3962456.694,0
150,594598,3705997.507,0
165,558978,4077380.519,0
151,583239,5033188.762,0
143,532268,5290883.165,0
144,538990,3426251.697,0
132,543874,2223869.595,0
127,588903,2719385.889,0
151,659056,2770136.734,0
129,591977,2485051.224,0
135,625134,2696007.31,0
158,722914,2522444.202,0
146,598873,1899766.45,0
155,564675,1879509.599,0
157,602396,2450687.783,0
151,572339,2273860.039,0
167,606953,2276671.25,0
155,571566,2161621.794,0
162,574270,2321255.5,0
150,510825,1893689.36,0
168,528788,1623830.879,0
171,601115,2062306.883,0
158,619158,2211911.674,0
133,581632,2510174.685,0
139,566231,2295414.38,0
152,595423,2577781.011,0
144,580829,1910552.81,0
139,566416,2042797.059,0
141,687450,2688738.834,0
141,656361,2703819.915,0
153,728988,2250192.07,0
120,584123,2544431.129,0
149,536225,2134599.692,0
141,530704,1578456.149,0
184,507635,1512379.669,0
180,611189,2136312.563,0
147,645885,2514701.158,0
138,612449,3341037.905,0
135,545317,3584245.585,0
139,586304,4124114.202,0
133,537910,3665525.352,0
147,498466,2740859.086,0
144,606539,2248406.368,0
127,555048,2561419.977,0
143,612866,2351967.054,0
138,582532,2342608.497,0
142,596981,1938990.174,0
119,542881,1493595.277,0
170,535539,1831988.035,0
170,605162,1964198.184,0
140,609699,2122375.939,0
144,576996,2004179.705,0
165,637657,2095207.935,0
144,616725,2301811.955,0
156,576749,1894576.345,0
146,611113,2831538.691,0
161,661425,2757346.67,0
132,589680,2356791.522,0
152,670320,2299856.857,0
149,705745,2796295.72,0
149,669031,2774465.088,0
158,633915,2340086.595,0
177,604561,2011496.989,0
164,695009,2647568.484,0
149,667270,2849547.253,0
129,591003,2712263.676,0
140,642413,3159340.643,0
129,623080,2795725.678,0
162,580892,2121582.984,0
146,536646,1791420.031,0
147,556462,2170091.799,0
148,587578,1865761.064,0
146,537910,1988551.271,0
150,584069,2084880.761,0
155,513642,2011713.672,0
149,502650,2151502.299,0
154,493235,1737085.84,0
151,577790,2599568.95,0
145,554056,2054743.903,0
140,547054,2039637.043,0
137,531632,2830532.135,0
145,555979,2290691.942,0
149,509494,1891222.925,0
156,448469,1522989.688,0
143,570995,2224457.952,0
143,546756,2314128.385,0
129,528196,2253579.819,0
141,537841,2097269.929,0
135,533429,3349411.144,0
157,494048,1965918.497,0
149,471712,2055306.6,0
148,568390,2255407.844,0
128,550219,2539145.564,0
150,554586,2456917.483,0
133,546894,2207379.88,0
129,545601,2421306.202,0
131,497705,1834612.756,0
124,497599,1846664.92,0
131,596467,1927857.047,0
129,602552,2310580.418,0
128,548614,2515469.557,0
136,588732,2460612.936,0
147,537157,2139879.12,0
119,534188,1878531.691,0
154,493335,1858564.337,0
153,586493,1726830.891,0
154,603074,3522076.095,0
166,612496,2478092.168,0
153,556781,3004674.78,0
169,556045,2291567.352,0
166,506477,1516812.659,0
148,499029,1875748.716,0
148,600922,1971245.141,0
124,559609,2222267.861,0
151,610161,2170929.494,0
150,630081,2254855.173,0
149,571788,1924492.133,0
163,537632,2049092.919,0
163,533825,1716569.436,0
146,502906,2077130.23,0
135,610164,2731958.306,0
123,586189,1999807.956,0
154,579453,2327792.805,0
154,579118,2377047.791,0
155,554586,2097223.397,0
163,501182,1338909.577,0
158,577213,1984740.679,0
147,564904,2090785.997,0
152,588707,2098712.581,0
130,572897,2132803.99,0
132,548157,2092780.605,0
144,504624,1464561.622,0
152,459081,1302221.635,0
149,534141,1714220.634,0
164,630684,1814694.812,0
134,540030,1777557.922,0
140,554194,1783678.094,0
153,544877,1595134.293,0
126,476950,1308424.921,0
179,484399,1160632.754,0
140,595479,1713681.507,0
136,610183,1600893.42,0
152,594762,1603741.19,0
144,564521,1626880.301,0
142,529153,1750922.91,0
155,485393,1478034.976,0
164,498935,1506619.985,0
163,543681,1672258.492,0
165,573088,1981907.53,0
156,548451,1897616.618,0
154,560153,1564540.185,0
139,504097,1880952.091,0
163,550478,1475509.565,0
145,504440,1626466.709,0
133,549694,2074708.008,0
151,598087,2268567.272,0
166,586525,1867494.606,0
141,544570,2326674.028,0
136,525433,2253377.478,0
166,510540,2019184.951,0
185,511970,1851826.567,0
153,576282,2278155.602,0
167,583893,1737650.314,0
148,582015,2545689.057,0
143,599720,1838851.924,0
142,607387,2464312.41,0
157,536521,1536124.183,0
141,489805,1420395.181,0
151,671125,1992727.405,0
158,652938,1906791.153,0
167,650902,2302843.3,0
161,712317,2291725.007,0
143,647542,2368166.6,0
169,623627,2376975.883,0
160,553859,2698212.132,0
124,533735,2585917.322,0
139,643322,2864039.241,0
144,593487,2691149.304,0
128,578990,2088161.192,0
136,640423,2021409.06,0
142,562826,3408105.67,0
130,502543,2461115.976,0
125,561226,1887070.937,0
155,610949,2509108.681,0
125,456946,1937925.864,0
134,643225,2465644.969,0
164,654095,3172355.535,0
149,518626,1351493.218,0
144,487940,1877896.517,0
143,543296,3736942.235,0
139,570528,3108006.834,0
138,513805,2161155.147,0
162,772634,3492141.359,0
152,595887,1564832.97,0
149,556223,1503224.752,0
168,479135,1342234.975,0
147,617177,1806193.777,0
144,586823,1846449.783,0
133,615743,4781474.413,0
155,636913,6817502.785,0
116,575853,5890890.019,0
147,595439,5803605.832,0
153,581817,5398763.867,0
146,663199,4470465.954,0
169,711260,3497745.2,0
147,639275,2694658.104,0
168,644567,1759909.004,0
163,592501,1395606.568,0
168,586946,950069.9318,0
142,558865,1119373.699,0
172,666591,1547251.349,0
156,692383,1759582.234,0
171,680704,1956468.289,0
159,671977,1604094.506,0
148,690278,1605921.956,0
142,645594,1119382.03,0
128,639659,1161609.412,0
139,714576,1560261.72,0
134,738725,1711822.47,0
147,701679,1723439.703,0
162,799439,1870554.837,0
152,727681,1465067.396,0
153,680528,1204193.185,0
144,591454,950718.2639,0
164,723269,1514724.192,0
149,687777,1410084.882,0
142,696433,1366660.389,0
146,565965,1513280.754,0
143,777262,1784511.18,0
172,704934,1235161.952,0
148,585824,916341.4214,0
152,681965,1721222.673,0
150,749978,1651414.711,0
174,744849,1547890.893,0
157,654494,1425236.296,0
135,626837,1526017.128,0
132,596580,1170744.749,0
187,581600,1060663.655,0
156,643240,1692640.281,0
178,672742,1566232.61,0
139,657317,1655833.795,0
127,638354,2047186.306,0
133,675541,1883877.693,0
144,620985,1321325.895,0
141,547375,1411672.896,0
151,682997,1841738.492,0
138,683553,1939201.332,0
159,736184,2851534.344,0
159,718429,2459189.602,0
152,711950,2633796.223,0
137,570322,1526634.417,0
165,475284,1094479.337,0
142,598151,1513037.04,0
156,689164,2242009.729,0
164,697636,2063689.692,0
150,703007,1781841.828,0
157,696861,2207636.679,0
148,634238,1379308.871,0
156,564538,1084340.885,0
159,782100,1573981.615,0
164,797735,1950525.355,0
153,789606,2482037.821,0
140,677443,2998215.112,0
161,798358,3100652.306,0
138,715768,2152944.554,0
167,640288,1679995.299,0
136,658996,2095379.055,0
160,768101,2359325.55,0
153,685325,3980330.054,0
172,670074,3521724.143,0
150,639010,2361739.558,0
172,597972,1500321.72,0
167,563818,1725125.555,0
169,637316,2087940.546,0
158,714357,2310740.489,0
150,699309,1935116.592,0
174,702109,2603895.11,0
189,700338,2588414.223,0
181,649012,1533463.233,0
174,581840,1135726.932,0
138,573137,1522815.668,0
149,655702,1956073.136,0
149,710251,1930677.636,0
155,728897,2113175.403,0
170,629803,1800256.178,0
152,619316,1249362.253,0
167,617637,1375857.614,0
144,612403,1462181.222,0
145,722405,1791768.78,0
192,896356,2078948.617,0
157,671752,1851685.666,0
149,799170,2438292.661,0
144,677634,2118864.578,0
159,680397,1800248.442,0
125,579818,1679402.417,0
151,739419,2038903.522,0
146,707090,1959826.106,0
169,786423,3197018.872,0
147,702696,2744074.819,0
139,637608,1418142.398,0
140,570537,954999.5676,0
163,682406,1591074.646,0
169,726430,1925169.973,0
139,677725,1750347.684,0
151,670289,2986480.939,0
151,805209,2501945.958,0
151,692025,1248556.859,0
134,610335,1419255.293,0
148,689042,1561277.915,0
138,661007,1754148.41,0
138,666336,2548904.034,0
150,747364,3342958.487,0
163,790857,1919952.536,0
167,785010,1233214.155,0
178,680874,1128100.267,0
144,684132,1881223.05,0
153,755332,1954778.738,0
144,739620,2493836.067,0
157,771120,2742003.358,0
151,787788,4558368.402,0
132,652093,1974194.904,0
147,695425,1232770.741,0
142,716488,1915378.96,0
153,770554,2099918.942,0
142,710329,2522734.845,0
148,739904,5699545.523,0
156,746039,2751691.905,0
149,696990,1651256.174,0
155,585598,1201859.267,0
145,690389,2089770.02,0
156,748447,2703063.85,0
142,713404,2274799.155,0
153,798175,3316344.04,0
154,728387,3122262.976,0
157,676234,2599334.281,0
165,690161,6345239.357,0
136,696776,3296575.01,0
142,725839,6200927.722,0
159,777034,5240108.862,0
148,731300,2379458.032,0
176,734776,3876256.754,0
133,641049,3359560.99,0
166,616664,1772687.273,0
132,615703,2337117.334,0
155,742513,2332205.311,0
138,720951,1812147.843,0
164,714338,2164789.745,0
135,644650,3573848.964,0
132,663363,2859605.756,0
158,674185,4026308.736,0
176,755799,4163240.214,0
125,648328,2476603.498,0
162,803171,2295660.85,0
147,741337,2045375.195,0
162,742041,5893220.186,0
137,618774,9838136.841,0
159,664405,1512371.727,0
147,734707,2077781.897,0
167,805787,2024632.207,0
142,755361,2068435.883,0
127,628727,2143228.005,0
139,823416,2216168.37,0
150,785350,1610347.304,0
146,654009,1902570.095,0
138,695241,2451805.095,0
146,731266,2456420.955,0
143,748748,2176695.99,0
138,634696,2222758.116,0
167,827634,2339052.357,0
145,689969,1746209.312,0
153,633981,1577942.3,0
124,572214,1940799.634,0
148,764067,3246840.061,0
153,793869,2429753.953,0
147,733959,2636893.447,0
136,749803,2454474.324,0
173,856295,2085973.148,0
151,705139,1786432.985,0
150,723369,2509004.846,0
158,808439,2531694.305,0
132,711094,2625551.836,0
168,891845,2892428.858,0
129,683280,2863316.311,0
168,880442,2713257.082,0
167,767740,2213326.704,0
180,902129,3877215.601,0
155,803436,3162517.251,0
148,793277,3874769.785,0
135,736488,3043753.158,0
154,796163,3073037.692,0
158,805175,3010157.614,0
164,885549,2545656.418,0
170,853932,3103702.086,0
132,576834,2799129.216,0
155,779943,4046479.136,0
142,723512,3210225.945,0
164,814359,2945763.682,0
165,809561,2804084.671,0
147,766108,2312823.371,0
146,773176,3323799.865,0
168,888023,4112953.889,0
154,837484,3588186.521,0
163,853622,3530884.929,0
153,815923,2804635.981,0
168,855140,2657377.951,0
165,783604,2786546.068,0
151,803619,2525128.965,0
179,854729,3826430.148,0
164,826804,3330411.624,0
170,813524,3357411.231,0
146,711730,2928808.543,0
192,828892,3233909.078,0
161,727317,3486275.164,0
164,735726,3259528.681,0
151,771002,2545677.655,0
165,825196,2630808.405,0
165,773019,2395589.201,0
151,724675,2596621.094,0
141,646678,2449118.61,0
146,581509,2301534.231,0
147,678437,2893538.971,0
141,764631,3332828.048,0
140,715419,3266873.636,0
153,733315,3066425.901,0
148,677640,3448634.121,0
145,598939,2338185.94,0
145,542511,2263317.856,0
151,675988,3071769.119,0
138,723104,3018444.738,0
140,744937,3625571.871,0
139,691581,3267161.428,0
160,651225,2401755.515,0
146,596479,2254175.196,0
122,483570,1868429.047,0
142,653594,3779418.896,0
131,713663,2770208.703,0
157,695541,2823966.128,0
120,574777,3186635.159,0
154,697296,3475033.638,0
164,566916,2316434.733,0
188,520931,1799632.148,0
170,633906,2832034.603,0
153,693649,2286343.305,0
149,611351,2513987.238,0
142,579488,2215848.591,0
148,699670,2453741.077,0
165,575288,2699738.771,0
138,498738,2367596.821,0
197,736740,3269080.457,0
173,715543,2896549.045,0
177,655195,2631445.677,0
157,629562,2516299.995,0
139,610632,2601799.879,0
127,581907,1958573.718,0
163,526035,2035268.691,0
148,607268,2658035.613,0
165,707975,2653766.968,0
149,662867,2509365.828,0
162,598828,2443211,0
154,719233,2264274.481,0
160,581700,1793088.275,0
172,473027,1600323.651,0
178,628061,2393466.6,0
148,665748,7336256.313,0
147,614884,3704928.862,0
154,594685,2481256.086,0
150,651348,4203872.09,0
157,549839,4134542.024,0
147,471696,8866222.524,0
145,583220,2947402.79,0
149,352424,2633798.152,0
152,551807,2820428.459,0
138,565929,2133227.079,0
179,619206,2329716.153,0
177,607425,1958602.781,0
140,524522,1759850.475,0
153,648365,2359919.573,0
164,737122,2700000.26,0
138,693171,2423175.598,0
134,702094,2835042.938,0
144,753294,3229999.644,0
135,663850,2414521.118,0
148,705024,2243479.262,0
130,672805,2822187.042,0
152,849446,2679106.222,0
130,708788,2954985.445,0
179,859388,2790880.552,0
149,787166,2669279.009,0
151,736730,2352589.939,0
130,560876,1783558.84,0
115,629428,2497994.704,0
89,545685,1843217.528,0
159,844461,2363819.529,0
101,516578,1648686.54,0
101,563269,1419457.765,0
105,621850,1402892.592,0
155,682255,1285150.426,0
129,615972,1720458.18,0
149,732966,1958313.301,0
168,698269,1638679.817,0
163,724990,1789355.676,0
174,733783,1802440.926,0
164,651381,1580305.847,0
154,527654,1424953.241,0
175,700580,2420753.396,0
197,744408,6493150.039,0
162,726875,2520446.769,0
176,647645,2233112.275,0
175,756281,2168325.695,0
169,562408,1849746.798,0
138,504082,1623220.049,0
174,664368,2692005.498,0
188,678595,2430941.861,0
190,668950,2831212.884,0
174,683538,3200145.084,0
180,794871,3534612.485,0
169,602299,2240646.894,0
176,529898,1738874.879,0
127,582254,2333957.294,0
156,715225,1923284.605,0
117,585787,1939586.864,0
176,651680,1932727.589,0
139,618608,1875335.23,0
166,520315,1314508.08,0
145,466000,1119276.97,0
125,632336,1995684.921,0
138,673642,2093406.991,0
147,669713,2168984.579,0
177,700075,2302851.101,0
169,690052,1960682.747,0
138,569669,1660940.92,0
130,504280,1439109.255,0
150,763671,2028711.649,0
183,727863,1622695.283,0
134,602596,1468790.74,0
125,679484,1666611.727,0
159,746029,1383027.026,0
158,612780,1055525.544,0
182,613106,1273611.937,0
161,731153,2564018.877,0
160,770192,1952289.668,0
139,752318,1778444.162,0
153,724785,1979554.766,0
136,815265,1971283.384,0
141,748390,1518393.196,0
195,715357,1324663.964,0
174,804289,1925205.564,0
164,842381,2826171.937,0
151,837408,2154353.262,0
178,889983,1911311.867,0
179,818192,1927247.421,0
153,763871,1562588.6,0
182,727595,1499204.495,0
171,799367,2994818.337,0
167,883246,2586032.108,0
185,788191,1984823.18,0
180,690218,1743919.657,0
104,667718,2003977.225,0
85,536785,1417695.812,0
154,864989,1659959.905,0
147,819328,1855584.227,0
138,744382,1916686.477,0
156,914510,2191308.315,0
150,859510,2251378.165,0
119,798556,3036929.609,0
130,719643,5765969.345,0
141,684345,6077425.122,0
133,730294,2782648.586,0
156,898577,3523838.116,0
144,789932,4267323.335,0
153,878731,2237809.572,0
120,739618,2333950.774,0
80,542026,1664880.37,0
80,542990,2087930.627,0
140,846427,4374153.7,0
128,752623,3861149.037,0
152,874737,3422899.06,0
152,833182,3817994.312,0
167,858878,3818219.593,0
136,744358,2716113.898,0
160,735576,5442164.823,0
175,916023,4224222.225,0
173,985419,3637233.522,0
148,833205,3507780.838,0
157,927261,3406958.991,0
149,862393,2677848.851,0
156,873329,2899917.653,0
153,874507,2050315.308,0
170,1014166,2426385.167,0
156,978834,2880931.739,0
173,1074536,3262042.942,0
167,1036023,2697792.327,0
183,1107138,2319117.915,0
161,858953,2142790.417,0
176,925305,1870464.104,0
181,1070101,2613354.179,0
178,1102600,3015982.765,0
188,1187481,3531510.981,0
152,1016252,3449008.958,0
156,1057636,2492427.014,0
174,1043122,2895169.904,0
164,881151,1987675.08,0
171,1038351,2687922.77,0
156,1043614,3302129.257,0
186,1142229,3267550.708,0
185,1264802,2943542.647,0
169,1114985,2756649.28,0
171,976493,2356102.923,0
185,1047080,2389062.955,0
182,1086689,3005751.3,0
140,1032155,1984897.73,0
136,994169,2227875.178,0
132,975207,1791086.429,0
155,1063090,1901698.95,0
139,892665,1781229.264,0
152,790857,1427328.525,0
135,693608,1810627.098,0
142,723719,2185221.901,0
156,883729,2323583.618,0
149,879002,2067417.474,0
165,1007613,2311057.659,0
147,954112,2243962.344,0
163,812109,1638125.546,0
156,703918,1683244.829,0
171,997941,2536938.596,0
157,1099960,2816884.612,0
168,1246924,2737825.461,0
143,1043683,2921230.734,0
168,1068521,2979615.086,0
162,1060156,2757179.425,0
166,1057775,2520926.892,0
164,1083299,2246011.729,0
166,1036841,2162979.761,0
193,972454,1858450.481,0
178,884856,1779515.718,0
149,771871,1365097.695,0
155,691912,1269172.799,0
150,798088,1497810.168,0
159,887578,2889286.589,0
167,915850,2469526.194,0
173,903505,2156724.201,0
165,700505,1953499.509,0
178,685898,1460377.7,0
187,622701,1108525.071,0
167,696269,1525531.996,0
177,726805,1539514.46,0
176,696042,1502763.714,0
158,654213,1357490.317,0
155,618768,1702177.389,0
157,631248,1363301.068,0
158,606038,3128906.096,0
148,642319,1941048.853,0
167,641179,2359671.266,0
117,574211,1785708.486,0
160,710552,2190613.275,0
168,659720,1460796.38,0
158,539525,910042.4792,0
178,483849,972248.5047,0
185,598083,1848912.714,0
170,713305,1914332.616,0
141,588509,1160111.912,0
131,475821,1171509.554,0
135,537529,1144162.672,0
143,501907,1537986.4,0
151,433486,1398605.054,0
166,517421,1674741.825,0
164,496796,1315762.899,0
179,534700,1557016.979,0
131,559788,1418774.184,0
157,502764,1102895.659,0
149,472305,1473900.19,0
162,448403,1639023.581,0
162,517680,1789525.591,0
141,540408,1268017.879,0
169,558113,1325803.34,0
149,584836,1494875.802,0
148,507299,1010312.596,0
145,432256,746134.7536,0
171,423859,605383.3206,0
141,535828,845197.4917,0
160,611640,945506.246,0
155,567121,1383087.973,0
165,643443,1322629.878,0
156,629651,975776.2728,0
180,526099,789724.2894,0
148,460722,623927.2496,0
149,549142,902570.351,0
156,560344,939487.0739,0
157,600836,931240.7432,0
162,536603,1018318.349,0
146,592768,1207455.656,0
140,422295,625890.0685,0
153,415929,784076.1043,0
161,527935,1019469.317,0
158,530170,1602213.516,0
144,514008,1039106.576,0
144,567897,1948801.689,0
156,548433,1047182.678,0
149,426700,2430655.818,0
151,463138,1620373.97,0
155,517154,1333185.16,0
127,514698,1115427.341,0
152,517634,931832.7359,0
143,509054,1103657.685,0
133,515008,980288.452,0
156,432458,785311.5294,0
135,379374,814756.225,0
150,507986,1678498.606,0
152,507170,1073046.596,0
135,478986,1166089.647,0
152,525646,846121.8751,0
162,551840,1280581.959,0
128,402851,898889.5633,0
162,384282,840298.9303,0
156,464362,1456075.257,0
163,535674,1314862.308,0
147,523286,1419479.595,0
156,486276,1042336.944,0
138,555012,1254753.795,0
180,407376,743828.474,0
161,386145,731975.4306,0
147,473086,1209298.055,0
164,515193,942151.233,0
161,484442,1008501.798,0
154,559118,2136543.651,0
165,620348,1247341.485,0
137,442929,693088.2643,0
163,486658,751073.0061,0
141,526997,1361857.997,0
162,559340,1190315.828,0
160,557298,1115698.077,0
178,607869,1317693.618,0
137,621042,1525188.349,0
159,535241,915287.5837,0
160,487465,780480.296,0
153,619844,1097165.821,0
159,689821,1771582.254,0
123,591853,1975585.796,0
141,601526,1066987.868,0
142,620756,1535702.723,0
128,589372,1834487.973,0
158,525121,1615779.486,0
155,591388,1217251.513,0
158,592229,1025230.819,0
140,578385,1077024.262,0
151,624798,1354770.82,0
138,626527,1338541.954,0
161,565143,1061146.616,0
137,480865,1094581.323,0
150,558443,1376393.356,0
139,609393,1055634.468,0
160,566021,1062097,0
154,574961,1205082.434,0
127,631277,1308388.526,0
165,536245,1003638.305,0
148,443846,832115.8578,0
132,580456,1274955.018,0
146,587935,1066979.095,0
179,565495,1152448.452,0
132,518584,1051517.19,0
148,615078,1123058.013,0
154,468665,751248.4323,0
144,446643,732896.4836,0
157,545452,836558.7948,0
151,538862,925990.1388,0
162,599816,1078604.156,0
143,555491,1196000.244,0
176,570064,953634.68,0
162,441367,608494.332,0
164,410646,803684.8714,0
156,514688,1314911.043,0
139,550789,1280312.25,0
174,549747,1270075.633,0
170,563661,1377302.497,0
166,662226,1210052.76,0
152,479763,942371.6845,0
163,457396,935768.8091,0
183,560593,1494853.701,0
175,571014,1231018.701,0
147,564056,1138551.832,0
143,550366,1205874.233,0
145,590063,1440614.139,0
143,464646,874437.265,0
127,500729,1403865.802,0
140,572905,1688046.809,0
145,570960,1409209.454,0
143,585811,1878350.265,0
153,562190,1846267.953,0
153,598811,1728741.46,0
166,435387,820440.3378,0
157,409553,669222.3277,0
164,531721,1060965.789,0
155,524281,1472734.261,0
155,539627,1158473.62,0
170,538606,924429.0226,0
151,595351,1866676.266,0
160,465467,1430821.495,0
171,447241,900357.7451,0
157,531006,1293772.802,0
146,520301,879369.8474,0
121,502255,991757.0355,0
157,501141,912811.9757,0
151,566298,1080974.502,0
141,472600,738220.8729,0
147,439844,858834.3038,0
141,553362,997966.549,0
116,576936,1062622.83,0
134,561114,889925.0006,0
137,535982,1032507.618,0
160,648615,968279.4495,0
156,462871,610695.2741,0
158,443503,751033.9137,0
136,545499,1048702.078,0
149,571346,1174009.988,0
135,531978,844523.6648,0
141,521459,821091.0248,0
143,592142,886209.1382,0
133,466374,740316.1147,0
133,436376,747510.6286,0
120,549589,1215433.677,0
159,618402,1062550.41,0
174,633933,1137516.76,0
171,595731,965781.9976,0
154,629879,914113.8846,0
137,493740,642013.5658,0
182,456925,583088.1688,0
166,597569,971437.9065,0
159,681908,1184540.435,0
177,674731,996984.0171,0
165,616793,880778.2036,0
167,662413,975850.5305,0
145,503215,658610.4744,0
170,479254,661003.3242,0
134,610727,874826.1623,0
147,648342,871944.3434,0
150,631800,905661.7549,0
153,595761,920947.2215,0
166,679243,982848.1276,0
176,534616,966188.4193,0
160,479055,1022297.11,0
131,579680,1259506.28,0
151,611182,1138346.253,0
157,640586,1327631.369,0
149,594337,1117999.488,0
176,653648,973946.0398,0
170,511482,800612.2622,0
155,458121,606237.6112,0
150,589272,920752.3543,0
136,655312,1171296.375,0
161,679088,1053753.716,0
158,606135,911178.7936,0
152,644250,861833.5076,0
160,509834,666835.4931,0
145,491507,599012.1221,0
150,575014,859771.4703,0
148,567806,1041449.932,0
160,611657,906348.7742,0
117,453793,726698.5548,0
2,15489,19225.80574,1
94,368325,401164.275,0
173,463319,515508.3119,0
185,585010,974407.7735,0
153,616972,1898012.526,0
139,638060,901330.9707,0
154,589764,854611.4985,0
155,642507,1543688.526,0
151,565645,881906.2924,0
144,491490,827630.1381,0
144,575316,924600.6359,0
126,596961,936828.2666,0
132,633097,963010.4758,0
150,645864,1272957.101,0
152,670653,1086048.21,0
150,531346,718862.4172,0
163,495661,720066.6155,0
74,297030,526521.4015,1
